origin_cell,dest_cell,flow
897a8dcac53ffff,897a8dc120fffff,24
897a8dcac5bffff,897a8dc120bffff,22
897a8dc120bffff,897a8dcac5bffff,21
897a8dcaccfffff,897a8dc127bffff,19
897a8dca1b3ffff,897a8dc1223ffff,18
897a8dca1a3ffff,897a8dc1273ffff,17
897a8dc1223ffff,897a8dca1b3ffff,16
897a8dc120fffff,897a8dcac53ffff,16
897a8dca127ffff,897a8dc120bffff,14
897a8dc1273ffff,897a8dca1a3ffff,13
897a8dc1273ffff,897a8dcac57ffff,13
897a8dc120bffff,897a8dca1a3ffff,12
897a8dc120bffff,897a8dcaccfffff,11
897a8dca1a3ffff,897a8dc127bffff,10
897a8dcac57ffff,897a8dc1273ffff,10
897a8dca1a3ffff,897a8dc1247ffff,9
897a8dc123bffff,897a8dc120fffff,8
897a8dcacd7ffff,897a8dcaccfffff,8
897a8dc1247ffff,897a8dcaccfffff,7
897a8dca1a3ffff,897a8dc120fffff,7
897a8dc120bffff,897a8dcac53ffff,7
897a8dcac53ffff,897a8dc1247ffff,7
897a8dc1247ffff,897a8dca1a3ffff,7
897a8dc123bffff,897a8dca1a3ffff,7
897a8dca1a3ffff,897a8dc120bffff,7
897a8dc1277ffff,897a8dc1273ffff,6
897a8dcaccfffff,897a8dc1247ffff,6
897a8dc127bffff,897a8dca1a3ffff,6
897a8dc1223ffff,897a8dca1b7ffff,6
897a8dc120bffff,897a8dc12afffff,6
897a8dc1247ffff,897a8dcac57ffff,6
897a8dc1203ffff,897a8dcac53ffff,6
897a8dcac9bffff,897a8dca1a3ffff,6
897a8dc134bffff,897a8dcacd7ffff,6
897a8dc1223ffff,897a8dc123bffff,6
897a8dca1a3ffff,897a8dcac53ffff,6
897a8dc127bffff,897a8dcac17ffff,6
897a8dc123bffff,897a8dc1267ffff,5
897a8dcaccfffff,897a8dc120bffff,5
897a8dc127bffff,897a8dcaccfffff,5
897a8dcaccfffff,897a8dc1227ffff,5
897a8dcacd7ffff,897a8dc1247ffff,5
897a8dcacc3ffff,897a8dcac5bffff,5
897a8dc120fffff,897a8dca1a3ffff,5
897a8dcaccfffff,897a8dcacd7ffff,5
897a8dc123bffff,897a8dc1223ffff,5
897a8dc1263ffff,897a8dcac57ffff,5
897a8dc124fffff,897a8dcac93ffff,5
897a8dcaccbffff,897a8dcacd7ffff,5
897a8dca1a3ffff,897a8dc1233ffff,5
897a8dc1233ffff,897a8dc123bffff,5
897a8dc123bffff,897a8dc120bffff,5
897a8dc120bffff,897a8dc120fffff,5
897a8dc123bffff,897a8dcaccbffff,5
897a8dcaccfffff,897a8dc120fffff,5
897a8dcaccfffff,897a8dcac5bffff,4
897a8dc1247ffff,897a8dcaccbffff,4
897a8dc120bffff,897a8dc1227ffff,4
897a8dc1223ffff,897a8dc124fffff,4
897a8dcaccfffff,897a8dc123bffff,4
897a8dc1223ffff,897a8dc120bffff,4
897a8dc1233ffff,897a8dcacd7ffff,4
897a8dc123bffff,897a8dcaccfffff,4
897a8dcac53ffff,897a8dc120bffff,4
897a8dc1247ffff,897a8dc120bffff,4
897a8dca127ffff,897a8dc1227ffff,4
897a8dca1b7ffff,897a8dc1223ffff,4
897a8dcac43ffff,897a8dc120fffff,4
897a8dc1223ffff,897a8dc1267ffff,4
897a8dcac53ffff,897a8dcac57ffff,4
897a8dc1247ffff,897a8dc1223ffff,4
897a8dca1a3ffff,897a8dcac9bffff,4
897a8dc124fffff,897a8dcaccfffff,4
897a8dc123bffff,897a8dc1227ffff,4
897a8dc1247ffff,897a8dc127bffff,4
897a8dcacd7ffff,897a8dca127ffff,4
897a8dcac93ffff,897a8dcac8fffff,4
897a8dc120bffff,897a8dcacd7ffff,4
897a8dc12afffff,897a8dc120bffff,4
897a8dc1247ffff,897a8dc1233ffff,3
897a8dcac57ffff,897a8dcac53ffff,3
897a8dc120fffff,897a8dca1b3ffff,3
897a8dc120bffff,897a8dc1233ffff,3
897a8dc123bffff,897a8dca1b3ffff,3
897a8dc127bffff,897a8dc123bffff,3
897a8dcacd7ffff,897a8dc1277ffff,3
897a8dc1247ffff,897a8dc124fffff,3
897a8dcacd7ffff,897a8dcaccbffff,3
897a8dc123bffff,897a8dc135bffff,3
897a8dc1233ffff,897a8dc127bffff,3
897a8dcac53ffff,897a8dc1223ffff,3
897a8dc12abffff,897a8dca1a3ffff,3
897a8dc123bffff,897a8dc1247ffff,3
897a8dcac5bffff,897a8dc1247ffff,3
897a8dca1a3ffff,897a8dc1277ffff,3
897a8dc1227ffff,897a8dc1223ffff,3
897a8dc120bffff,897a8dc1247ffff,3
897a8dc1223ffff,897a8dc1227ffff,3
897a8dc1247ffff,897a8dc1263ffff,3
897a8dc120bffff,897a8dc1223ffff,3
897a8dcac53ffff,897a8dcacd7ffff,3
897a8dcacc7ffff,897a8dc1233ffff,3
897a8dc126fffff,897a8dcaccbffff,3
897a8dcacc7ffff,897a8dca1b3ffff,3
897a8dc12abffff,897a8dc1223ffff,3
897a8dc123bffff,897a8dcacd7ffff,3
897a8dc1227ffff,897a8dcacd7ffff,3
897a8dcac53ffff,897a8dcaccfffff,3
897a8dc1263ffff,897a8dcacd7ffff,3
897a8dcaccbffff,897a8dc127bffff,3
897a8dcac53ffff,897a8dc1273ffff,3
897a8dcac57ffff,897a8dcacc3ffff,3
897a8dcac5bffff,897a8dcac53ffff,3
897a8dcacd7ffff,897a8dc123bffff,3
897a8dcac87ffff,897a8dc134bffff,3
897a8dc120bffff,897a8dca1b3ffff,3
897a8dcac53ffff,897a8dc127bffff,3
897a8dc1277ffff,897a8dcacd7ffff,3
897a8dc1263ffff,897a8dca1a3ffff,3
897a8dcacc7ffff,897a8dcaccbffff,3
897a8dcac93ffff,897a8dca1a3ffff,3
897a8dcaccbffff,897a8dcac57ffff,3
897a8dcaccfffff,897a8dc1277ffff,3
897a8dcac8fffff,897a8dc1247ffff,3
897a8dca127ffff,897a8dcaccbffff,3
897a8dcacc3ffff,897a8dc127bffff,3
897a8dc120bffff,897a8dcaccbffff,3
897a8dc1203ffff,897a8dca1a3ffff,3
897a8dc1263ffff,897a8dcaccfffff,3
897a8dc1247ffff,897a8dcac53ffff,3
897a8dc134bffff,897a8dc1233ffff,3
897a8dcacc7ffff,897a8dc1247ffff,3
897a8dcac93ffff,897a8dca1b7ffff,3
897a8dcacd7ffff,897a8dc120bffff,3
897a8dcacd7ffff,897a8dcac53ffff,3
897a8dca127ffff,897a8dcacd7ffff,3
897a8dcaccbffff,897a8dc120bffff,3
897a8dc1227ffff,897a8dca1a3ffff,3
897a8dca1a3ffff,897a8dcac93ffff,3
897a8dc1247ffff,897a8dcac17ffff,3
897a8dcacc7ffff,897a8dcacc3ffff,2
897a8dc1273ffff,897a8dca1b3ffff,2
897a8dc1223ffff,897a8dcacd7ffff,2
897a8dc1273ffff,897a8dc123bffff,2
897a8dc120bffff,897a8dc123bffff,2
897a8dcacc7ffff,897a8dc1273ffff,2
897a8dca1a3ffff,897a8dca1b7ffff,2
897a8dc122fffff,897a8dc1273ffff,2
897a8dc1227ffff,897a8dc123bffff,2
897a8dcaccbffff,897a8dcac93ffff,2
897a8dc1207ffff,897a8dc1227ffff,2
897a8dc123bffff,897a8dc1277ffff,2
897a8dc123bffff,897a8dcac57ffff,2
897a8dca1a3ffff,897a8dc1263ffff,2
897a8dc126fffff,897a8dca1a3ffff,2
897a8dc134bffff,897a8dc12abffff,2
897a8dca1b7ffff,897a8dc1233ffff,2
897a8dcac57ffff,897a8dc123bffff,2
897a8dc1273ffff,897a8dc120bffff,2
897a8dcac87ffff,897a8dcac93ffff,2
897a8dc1247ffff,897a8dcacd7ffff,2
897a8dc126fffff,897a8dc1233ffff,2
897a8dc1227ffff,897a8dc1263ffff,2
897a8dcacd7ffff,897a8dcac5bffff,2
897a8dcacd7ffff,897a8dcacc7ffff,2
897a8dc12afffff,897a8dc1233ffff,2
897a8dcacc3ffff,897a8dc1273ffff,2
897a8dc1273ffff,897a8dcac97ffff,2
897a8dcacd7ffff,897a8dcac13ffff,2
897a8dcac87ffff,897a8dc127bffff,2
897a8dcac93ffff,897a8dc124fffff,2
897a8dc127bffff,897a8dcac8fffff,2
897a8dcac57ffff,897a8dcacd7ffff,2
897a8dc134bffff,897a8dc1247ffff,2
897a8dcac93ffff,897a8dc1223ffff,2
897a8dc120bffff,897a8dcac9bffff,2
897a8dc134bffff,897a8dcac87ffff,2
897a8dc1273ffff,897a8dcac53ffff,2
897a8dca1a3ffff,897a8dc1257ffff,2
897a8dca1a3ffff,897a8dcacd7ffff,2
897a8dcaccfffff,897a8dc1263ffff,2
897a8dc1277ffff,897a8dc1263ffff,2
897a8dc1277ffff,897a8dcacc7ffff,2
897a8dc1227ffff,897a8dcaccfffff,2
897a8dc120fffff,897a8dc1223ffff,2
897a8dca1b7ffff,897a8dc120bffff,2
897a8dc127bffff,897a8dcaccbffff,2
897a8dc1233ffff,897a8dc1223ffff,2
897a8dc1263ffff,897a8dc1247ffff,2
897a8dcac17ffff,897a8dc1277ffff,2
897a8dcacc7ffff,897a8dc1277ffff,2
897a8dc120fffff,897a8dcac43ffff,2
897a8dc1277ffff,897a8dc1267ffff,2
897a8dca1a3ffff,897a8dcaccfffff,2
897a8dcac97ffff,897a8dcacd7ffff,2
897a8dcaccbffff,897a8dcacc7ffff,2
897a8dc1233ffff,897a8dc120fffff,2
897a8dc120bffff,897a8dc127bffff,2
897a8dcac87ffff,897a8dcacc7ffff,2
897a8dcac9bffff,897a8dc1247ffff,2
897a8dcaccbffff,897a8dc120fffff,2
897a8dcacd7ffff,897a8dca1a3ffff,2
897a8dc1227ffff,897a8dc120bffff,2
897a8dcaccbffff,897a8dc1277ffff,2
897a8dc126fffff,897a8dc1273ffff,2
897a8dc1273ffff,897a8dc1277ffff,2
897a8dca1b3ffff,897a8dc1233ffff,2
897a8dc1273ffff,897a8dc120fffff,2
897a8dcac17ffff,897a8dc127bffff,2
897a8dcac43ffff,897a8dcac53ffff,2
897a8dcac93ffff,897a8dcac97ffff,2
897a8dcac93ffff,897a8dc1233ffff,2
897a8dc1223ffff,897a8dcacc7ffff,2
897a8dc1267ffff,897a8dcacd7ffff,2
897a8dca1b3ffff,897a8dc127bffff,2
897a8dc1207ffff,897a8dc1203ffff,2
897a8dc127bffff,897a8dcacd7ffff,2
897a8dc120bffff,897a8dc1277ffff,2
897a8dc134bffff,897a8dc1223ffff,2
897a8dcac53ffff,897a8dc1267ffff,2
897a8dc1263ffff,897a8dc123bffff,2
897a8dcaccbffff,897a8dc123bffff,2
897a8dc123bffff,897a8dc127bffff,2
897a8dc12abffff,897a8dc12afffff,2
897a8dc12afffff,897a8dc123bffff,2
897a8dc122fffff,897a8dcac8fffff,2
897a8dc1223ffff,897a8dc120fffff,2
897a8dc120fffff,897a8dcacc3ffff,2
897a8dcac53ffff,897a8dc1227ffff,2
897a8dca1a3ffff,897a8dcacc3ffff,2
897a8dc127bffff,897a8dca1b3ffff,2
897a8dca1a3ffff,897a8dc126fffff,2
897a8dc1237ffff,897a8dc12abffff,2
897a8dcacc7ffff,897a8dcac43ffff,2
897a8dc120bffff,897a8dc1267ffff,2
897a8dc120fffff,897a8dcaccbffff,2
897a8dc126fffff,897a8dc1277ffff,2
897a8dcac5bffff,897a8dc127bffff,2
897a8dcac57ffff,897a8dc120fffff,2
897a8dcac53ffff,897a8dcac43ffff,2
897a8dcac57ffff,897a8dcac43ffff,2
897a8dc126fffff,897a8dc123bffff,2
897a8dc123bffff,897a8dc1263ffff,2
897a8dc120fffff,897a8dca1b7ffff,2
897a8dc12abffff,897a8dcaccfffff,2
897a8dca1a3ffff,897a8dc123bffff,2
897a8dc1273ffff,897a8dc124fffff,2
897a8dc126fffff,897a8dc127bffff,2
897a8dcacc7ffff,897a8dc120bffff,2
897a8dc1233ffff,897a8dc1273ffff,2
897a8dcacc3ffff,897a8dc1263ffff,2
897a8dc1263ffff,897a8dcac93ffff,2
897a8dcaccbffff,897a8dcac53ffff,2
897a8dcaccfffff,897a8dc1267ffff,2
897a8dca1b3ffff,897a8dc123bffff,2
897a8dc126fffff,897a8dcacd7ffff,2
897a8dca1b3ffff,897a8dca1a3ffff,2
897a8dcaccfffff,897a8dc1273ffff,2
897a8dc1237ffff,897a8dc1227ffff,2
897a8dcacc7ffff,897a8dca127ffff,2
897a8dca1a3ffff,897a8dca1b3ffff,2
897a8dcac57ffff,897a8dc127bffff,2
897a8dcac53ffff,897a8dcaccbffff,2
897a8dc123bffff,897a8dcacc7ffff,2
897a8dc1227ffff,897a8dcac9bffff,2
897a8dcacc7ffff,897a8dcac93ffff,2
897a8dca1b7ffff,897a8dcacd7ffff,2
897a8dc1247ffff,897a8dcac87ffff,2
897a8dca1b7ffff,897a8dcac93ffff,2
897a8dc1203ffff,897a8dcac43ffff,2
897a8dc1233ffff,897a8dcac97ffff,2
897a8dc1263ffff,897a8dc1233ffff,2
897a8dcac17ffff,897a8dc1247ffff,2
897a8dc127bffff,897a8dca127ffff,2
897a8dcac53ffff,897a8dc1203ffff,2
897a8dcac43ffff,897a8dcaccfffff,2
897a8dcacd7ffff,897a8dc1273ffff,2
897a8dca1a3ffff,897a8dc1223ffff,2
897a8dc1227ffff,897a8dc1273ffff,2
897a8dcacd7ffff,897a8dca1b3ffff,1
897a8dcacc7ffff,897a8dc1263ffff,1
897a8dc1233ffff,897a8dc1267ffff,1
897a8dcac43ffff,897a8dc1263ffff,1
897a8dc1223ffff,897a8dc1203ffff,1
897a8dc1273ffff,897a8dcacd7ffff,1
897a8dcac5bffff,897a8dc1273ffff,1
897a8dc120bffff,897a8dc122bffff,1
897a8dc126fffff,897a8dcaccfffff,1
897a8dc1257ffff,897a8dcaccfffff,1
897a8dc1223ffff,897a8dc1237ffff,1
897a8dc1267ffff,897a8dc120bffff,1
897a8dc127bffff,897a8dc1233ffff,1
897a8dc1263ffff,897a8dc1223ffff,1
897a8dcac93ffff,897a8dcac57ffff,1
897a8dc1203ffff,897a8dca1b3ffff,1
897a8dc1247ffff,897a8dca1b7ffff,1
897a8dc126fffff,897a8dc120fffff,1
897a8dc1273ffff,897a8dcaccbffff,1
897a8dcac93ffff,897a8dcac9bffff,1
897a8dc134bffff,897a8dca1a3ffff,1
897a8dcac5bffff,897a8dca127ffff,1
897a8dcac53ffff,897a8dc1207ffff,1
897a8dc126fffff,897a8dc120bffff,1
897a8dc1247ffff,897a8dc123bffff,1
897a8dc120bffff,897a8dc1263ffff,1
897a8dc1207ffff,897a8dcacc7ffff,1
897a8dc123bffff,897a8dc1273ffff,1
897a8dcac53ffff,897a8dcac9bffff,1
897a8dcaccbffff,897a8dca1a3ffff,1
897a8dc124fffff,897a8dc126fffff,1
897a8dc126fffff,897a8dca1b3ffff,1
897a8dc124fffff,897a8dc134bffff,1
897a8dc1207ffff,897a8dc123bffff,1
897a8dc120bffff,897a8dc126fffff,1
897a8dc1267ffff,897a8dca1b3ffff,1
897a8dc127bffff,897a8dc1273ffff,1
897a8dc1207ffff,897a8dc120fffff,1
897a8dc1233ffff,897a8dca1a3ffff,1
897a8dc1257ffff,897a8dc1263ffff,1
897a8dc1273ffff,897a8dc1267ffff,1
897a8dc126fffff,897a8dc1267ffff,1
897a8dcac03ffff,897a8dcacc3ffff,1
897a8dca1a3ffff,897a8dcaccbffff,1
897a8dc120fffff,897a8dca127ffff,1
897a8dcac9bffff,897a8dca1b3ffff,1
897a8dc1247ffff,897a8dc1257ffff,1
897a8dc134bffff,897a8dc123bffff,1
897a8dcaccfffff,897a8dc122fffff,1
897a8dca1b3ffff,897a8dc120fffff,1
897a8dc1247ffff,897a8dcac9bffff,1
897a8dc12abffff,897a8dc120bffff,1
897a8dc1247ffff,897a8dc1273ffff,1
897a8dc1203ffff,897a8dc1273ffff,1
897a8dcac43ffff,897a8dca127ffff,1
897a8dcac97ffff,897a8dc1233ffff,1
897a8dc1267ffff,897a8dc120fffff,1
897a8dc1203ffff,897a8dcacd7ffff,1
897a8dc126fffff,897a8dc1263ffff,1
897a8dcac53ffff,897a8dc124fffff,1
897a8dc1267ffff,897a8dcac8bffff,1
897a8dc120fffff,897a8dc122fffff,1
897a8dc120fffff,897a8dc1263ffff,1
897a8dcac43ffff,897a8dca1a3ffff,1
897a8dc120fffff,897a8dc1267ffff,1
897a8dc1227ffff,897a8dc1277ffff,1
897a8dc122fffff,897a8dcac57ffff,1
897a8dc1273ffff,897a8dca127ffff,1
897a8dc122fffff,897a8dc120bffff,1
897a8dc1263ffff,897a8dc1273ffff,1
897a8dcac97ffff,897a8dc1227ffff,1
897a8dc1277ffff,897a8dcaccfffff,1
897a8dc1233ffff,897a8dc1227ffff,1
897a8dcaccbffff,897a8dc1267ffff,1
897a8dc1273ffff,897a8dcacc7ffff,1
897a8dcaccfffff,897a8dca1a3ffff,1
897a8dc122fffff,897a8dc127bffff,1
897a8dc120fffff,897a8dc126fffff,1
897a8dcac1bffff,897a8dcaccfffff,1
897a8dcac8bffff,897a8dcac53ffff,1
897a8dc1207ffff,897a8dc12abffff,1
897a8dc126fffff,897a8dca127ffff,1
897a8dcacc7ffff,897a8dcac1bffff,1
897a8dc120bffff,897a8dc135bffff,1
897a8dc122fffff,897a8dc123bffff,1
897a8dc1263ffff,897a8dc120fffff,1
897a8dc127bffff,897a8dcac9bffff,1
897a8dc1207ffff,897a8dcaccbffff,1
897a8dcaccfffff,897a8dc134bffff,1
897a8dcac03ffff,897a8dc1247ffff,1
897a8dca1a3ffff,897a8dc1267ffff,1
897a8dc124fffff,897a8dc1263ffff,1
897a8dcac17ffff,897a8dcac93ffff,1
897a8dc123bffff,897a8dc1233ffff,1
897a8dcacd7ffff,897a8dcac57ffff,1
897a8dcac87ffff,897a8dc1227ffff,1
897a8dc120fffff,897a8dcac93ffff,1
897a8dc1247ffff,897a8dca127ffff,1
897a8dcac93ffff,897a8dc123bffff,1
897a8dc1223ffff,897a8dcaccbffff,1
897a8dc1203ffff,897a8dc123bffff,1
897a8dcacd7ffff,897a8dc120fffff,1
897a8dcac93ffff,897a8dcacc7ffff,1
897a8dc1273ffff,897a8dc1233ffff,1
897a8dc1227ffff,897a8dc1207ffff,1
897a8dcac83ffff,897a8dcac8fffff,1
897a8dcaccbffff,897a8dc134bffff,1
897a8dcac93ffff,897a8dc122fffff,1
897a8dc122fffff,897a8dcac83ffff,1
897a8dcac57ffff,897a8dca127ffff,1
897a8dc1267ffff,897a8dca1b7ffff,1
897a8dc1267ffff,897a8dcac43ffff,1
897a8dc134bffff,897a8dcac43ffff,1
897a8dc1237ffff,897a8dc1277ffff,1
897a8dcaccfffff,897a8dc126fffff,1
897a8dc1277ffff,897a8dcac43ffff,1
897a8dcacc3ffff,897a8dca1a3ffff,1
897a8dcac53ffff,897a8dca1b3ffff,1
897a8dcacd7ffff,897a8dc1263ffff,1
897a8dcac03ffff,897a8dc123bffff,1
897a8dc134bffff,897a8dc120bffff,1
897a8dcac93ffff,897a8dcac53ffff,1
897a8dcaccfffff,897a8dcaccbffff,1
897a8dcac93ffff,897a8dc120fffff,1
897a8dcacd7ffff,897a8dcac97ffff,1
897a8dcacc7ffff,897a8dcac87ffff,1
897a8dc12abffff,897a8dc1233ffff,1
897a8dc13cbffff,897a8dcac43ffff,1
897a8dcac17ffff,897a8dcacd7ffff,1
897a8dcac93ffff,897a8dcac17ffff,1
897a8dca127ffff,897a8dcac97ffff,1
897a8dcacd7ffff,897a8dc134bffff,1
897a8dc1227ffff,897a8dc122bffff,1
897a8dc120fffff,897a8dc1273ffff,1
897a8dca1b3ffff,897a8dc124fffff,1
897a8dc1247ffff,897a8dc1227ffff,1
897a8dcac93ffff,897a8dcac0bffff,1
897a8dcacc3ffff,897a8dcac8bffff,1
897a8dcac9bffff,897a8dc1233ffff,1
897a8dc1273ffff,897a8dcac43ffff,1
897a8dcac9bffff,897a8dc120fffff,1
897a8dc135bffff,897a8dcacc3ffff,1
897a8dc1277ffff,897a8dc120bffff,1
897a8dcac83ffff,897a8dc120bffff,1
897a8dcac93ffff,897a8dc1267ffff,1
897a8dc1273ffff,897a8dc127bffff,1
897a8dc1277ffff,897a8dcac5bffff,1
897a8dc1203ffff,897a8dcaccfffff,1
897a8dcac8fffff,897a8dc1273ffff,1
897a8dc1273ffff,897a8dc1203ffff,1
897a8dc1267ffff,897a8dca1a3ffff,1
897a8dca1a3ffff,897a8dc124fffff,1
897a8dcacd7ffff,897a8dc1233ffff,1
897a8dc1233ffff,897a8dcaccbffff,1
897a8dcacd7ffff,897a8dc126fffff,1
897a8dc1267ffff,897a8dcaccfffff,1
897a8dca1b7ffff,897a8dc1247ffff,1
897a8dcacc7ffff,897a8dc120fffff,1
897a8dc126fffff,897a8dc1247ffff,1
897a8dc120fffff,897a8dc1203ffff,1
897a8dc12abffff,897a8dc1237ffff,1
897a8dca1b3ffff,897a8dca1b7ffff,1
897a8dc1273ffff,897a8dc126fffff,1
897a8dc1203ffff,897a8dc120bffff,1
897a8dc122bffff,897a8dcac87ffff,1
897a8dc1223ffff,897a8dc1263ffff,1
897a8dcac57ffff,897a8dc1267ffff,1
897a8dc127bffff,897a8dcac57ffff,1
897a8dc1263ffff,897a8dc1257ffff,1
897a8dc123bffff,897a8dca127ffff,1
897a8dcac57ffff,897a8dc1247ffff,1
897a8dcac13ffff,897a8dcaccfffff,1
897a8dcaccfffff,897a8dc1257ffff,1
897a8dcac53ffff,897a8dc1263ffff,1
897a8dc1273ffff,897a8dc1263ffff,1
897a8dca1b3ffff,897a8dc1237ffff,1
897a8dca127ffff,897a8dc1203ffff,1
897a8dc120fffff,897a8dc1207ffff,1
897a8dcaccbffff,897a8dca1b7ffff,1
897a8dc1233ffff,897a8dcac57ffff,1
897a8dcacd7ffff,897a8dc12abffff,1
897a8dc12afffff,897a8dc122fffff,1
897a8dc120fffff,897a8dc123bffff,1
897a8dc1233ffff,897a8dc135bffff,1
897a8dcacd7ffff,897a8dc1223ffff,1
897a8dc12afffff,897a8dcacd7ffff,1
897a8dc1223ffff,897a8dca1a3ffff,1
897a8dcacc7ffff,897a8dc123bffff,1
897a8dc126fffff,897a8dcac53ffff,1
897a8dc1263ffff,897a8dc120bffff,1
897a8dca127ffff,897a8dc1273ffff,1
897a8dc1223ffff,897a8dcac97ffff,1
897a8dc1233ffff,897a8dca1b7ffff,1
897a8dcaccfffff,897a8dc1233ffff,1
897a8dc135bffff,897a8dc1223ffff,1
897a8dcaccfffff,897a8dc1223ffff,1
897a8dcacc3ffff,897a8dc123bffff,1
897a8dc120bffff,897a8dc134bffff,1
897a8dc124fffff,897a8dcacc7ffff,1
897a8dc126bffff,897a8dc1247ffff,1
897a8dcacd7ffff,897a8dc135bffff,1
897a8dc1247ffff,897a8dc126fffff,1
897a8dc12afffff,897a8dc1237ffff,1
897a8dc120bffff,897a8dcac57ffff,1
897a8dc1263ffff,897a8dcaccbffff,1
897a8dc12afffff,897a8dca1a3ffff,1
897a8dcac57ffff,897a8dc1223ffff,1
897a8dcac8bffff,897a8dc123bffff,1
897a8dca1a3ffff,897a8dc122fffff,1
897a8dcac8bffff,897a8dc126fffff,1
897a8dcac53ffff,897a8dcac97ffff,1
897a8dcac57ffff,897a8dcacc7ffff,1
897a8dca1b3ffff,897a8dcacd7ffff,1
897a8dcacd7ffff,897a8dcac43ffff,1
897a8dc1277ffff,897a8dc120fffff,1
897a8dc134bffff,897a8dcacc7ffff,1
897a8dc120bffff,897a8dc122fffff,1
897a8dc120fffff,897a8dc1277ffff,1
897a8dc1227ffff,897a8dc127bffff,1
897a8dca127ffff,897a8dc124fffff,1
897a8dcacc7ffff,897a8dcaccfffff,1
897a8dc1273ffff,897a8dc1247ffff,1
897a8dcac9bffff,897a8dcac93ffff,1
897a8dc1237ffff,897a8dc12afffff,1
897a8dc122fffff,897a8dc1233ffff,1
897a8dc1267ffff,897a8dc1277ffff,1
897a8dc12abffff,897a8dcac97ffff,1
897a8dcac57ffff,897a8dcaccfffff,1
897a8dc1277ffff,897a8dcac53ffff,1
897a8dcac93ffff,897a8dc1207ffff,1
897a8dc1267ffff,897a8dc1247ffff,1
897a8dc1277ffff,897a8dc12abffff,1
897a8dc1207ffff,897a8dc120bffff,1
897a8dc120fffff,897a8dc127bffff,1
897a8dc122fffff,897a8dcacd7ffff,1
897a8dcac57ffff,897a8dc1233ffff,1
897a8dc1257ffff,897a8dc120bffff,1
897a8dcac9bffff,897a8dc123bffff,1
897a8dc1203ffff,897a8dc1207ffff,1
897a8dcac5bffff,897a8dc1233ffff,1
897a8dc127bffff,897a8dcac53ffff,1
897a8dca1b3ffff,897a8dc126fffff,1
897a8dc120fffff,897a8dc12abffff,1
897a8dcac93ffff,897a8dc12afffff,1
897a8dc127bffff,897a8dc12afffff,1
897a8dc12afffff,897a8dc12abffff,1
897a8dc126fffff,897a8dcac8bffff,1
897a8dc1233ffff,897a8dc12abffff,1
897a8dc12abffff,897a8dc1247ffff,1
897a8dc124fffff,897a8dcac53ffff,1
897a8dca1b7ffff,897a8dc134bffff,1
897a8dcac9bffff,897a8dc1223ffff,1
897a8dcac53ffff,897a8dcacc3ffff,1
897a8dc120bffff,897a8dc12abffff,1
897a8dcac9bffff,897a8dc1267ffff,1
897a8dcaccbffff,897a8dcac1bffff,1
897a8dc134bffff,897a8dc1227ffff,1
897a8dca127ffff,897a8dcacc3ffff,1
897a8dcac97ffff,897a8dc12abffff,1
897a8dcacc7ffff,897a8dca1b7ffff,1
897a8dc1223ffff,897a8dcac9bffff,1
897a8dc120bffff,897a8dc124fffff,1
897a8dc1263ffff,897a8dc12abffff,1
897a8dc1223ffff,897a8dc135bffff,1
897a8dc1237ffff,897a8dcacd7ffff,1
897a8dc127bffff,897a8dc1247ffff,1
897a8dc1247ffff,897a8dc120fffff,1
897a8dc120fffff,897a8dcaccfffff,1
897a8dcacc3ffff,897a8dcac43ffff,1
897a8dc120bffff,897a8dcacc3ffff,1
897a8dc1233ffff,897a8dc1203ffff,1
897a8dc12afffff,897a8dcac5bffff,1
897a8dc122fffff,897a8dc1237ffff,1
897a8dc1263ffff,897a8dc1227ffff,1
897a8dc120fffff,897a8dc1227ffff,1
897a8dcac53ffff,897a8dc126fffff,1
897a8dc127bffff,897a8dc12abffff,1
897a8dc1207ffff,897a8dc122fffff,1
897a8dcac1bffff,897a8dcac43ffff,1
897a8dcac87ffff,897a8dc120bffff,1
897a8dc1267ffff,897a8dcac53ffff,1
897a8dcac9bffff,897a8dc127bffff,1
897a8dc123bffff,897a8dc1237ffff,1
897a8dc134bffff,897a8dc122fffff,1
897a8dcaccbffff,897a8dcac5bffff,1
897a8dc1277ffff,897a8dcac9bffff,1
897a8dc12afffff,897a8dcac87ffff,1
897a8dcac8fffff,897a8dcac53ffff,1
897a8dcac13ffff,897a8dc127bffff,1
897a8dcacc3ffff,897a8dcaccfffff,1
897a8dca1b3ffff,897a8dc1207ffff,1
897a8dcac87ffff,897a8dc1207ffff,1
897a8dcaccbffff,897a8dcaccfffff,1
897a8dc1257ffff,897a8dcaccbffff,1
897a8dc134bffff,897a8dc124fffff,1
897a8dc124fffff,897a8dc120bffff,1
897a8dc126fffff,897a8dcac57ffff,1
897a8dca1b7ffff,897a8dc126fffff,1
897a8dc120bffff,897a8dc1237ffff,1
897a8dcac5bffff,897a8dc1277ffff,1
897a8dc1223ffff,897a8dc134bffff,1
897a8dc1277ffff,897a8dca127ffff,1
897a8dc122fffff,897a8dc1277ffff,1
897a8dc1203ffff,897a8dc124fffff,1
897a8dca1b3ffff,897a8dcac8fffff,1
897a8dcac8fffff,897a8dc120fffff,1
897a8dcacc7ffff,897a8dcac8fffff,1
897a8dca127ffff,897a8dcacc7ffff,1
897a8dc126fffff,897a8dcac17ffff,1
897a8dcac97ffff,897a8dcac93ffff,1
897a8dc1273ffff,897a8dcaccfffff,1
897a8dcac13ffff,897a8dca1a3ffff,1
897a8dcac93ffff,897a8dcac87ffff,1
897a8dc120fffff,897a8dc120bffff,1
897a8dcac0bffff,897a8dcac87ffff,1
897a8dc1203ffff,897a8dca127ffff,1
897a8dcac87ffff,897a8dc1203ffff,1
897a8dc1273ffff,897a8dcac93ffff,1
897a8dcac03ffff,897a8dca1b7ffff,1
897a8dcac8fffff,897a8dc126fffff,1
897a8dcac57ffff,897a8dc1203ffff,1
897a8dc1233ffff,897a8dc12afffff,1
897a8dc127bffff,897a8dc120fffff,1
897a8dcac1bffff,897a8dcacd7ffff,1
897a8dcac57ffff,897a8dc126fffff,1
897a8dcac93ffff,897a8dca1b3ffff,1
897a8dcac87ffff,897a8dc126fffff,1
897a8dcac8fffff,897a8dca1b3ffff,1
897a8dca1a3ffff,897a8dc135bffff,1
897a8dcac13ffff,897a8dcac87ffff,1
897a8dc1233ffff,897a8dc1207ffff,1
897a8dc12abffff,897a8dcac87ffff,1
897a8dc124fffff,897a8dc1273ffff,1
897a8dc1277ffff,897a8dc124fffff,1
897a8dcac0bffff,897a8dc120bffff,1
897a8dcacd7ffff,897a8dc1267ffff,1
897a8dcac9bffff,897a8dc1207ffff,1
897a8dcac87ffff,897a8dcacd7ffff,1
897a8dca127ffff,897a8dcac57ffff,1
897a8dc134bffff,897a8dc120fffff,1
897a8dc12abffff,897a8dcacc7ffff,1
897a8dcac43ffff,897a8dc1233ffff,1
897a8dc12abffff,897a8dcacc3ffff,1
897a8dc1237ffff,897a8dc1223ffff,1
897a8dcac87ffff,897a8dcac53ffff,1
897a8dcac57ffff,897a8dcac5bffff,1
897a8dc127bffff,897a8dc124fffff,1
897a8dcac53ffff,897a8dc123bffff,1
897a8dc1267ffff,897a8dc126fffff,1
897a8dc1237ffff,897a8dc122fffff,1
897a8dc127bffff,897a8dcacc7ffff,1
897a8dca1b3ffff,897a8dcaccbffff,1
897a8dc1273ffff,897a8dc1227ffff,1
897a8dcaccbffff,897a8dc122fffff,1
897a8dc123bffff,897a8dc124fffff,1
897a8dcacc3ffff,897a8dca127ffff,1
897a8dcaccbffff,897a8dc1203ffff,1
897a8dc127bffff,897a8dcac1bffff,1
897a8dc120bffff,897a8dcac93ffff,1
897a8dcac9bffff,897a8dc1227ffff,1
897a8dcac8fffff,897a8dc122fffff,1
897a8dc1263ffff,897a8dcac17ffff,1
897a8dc134bffff,897a8dcaccbffff,1
897a8dcac83ffff,897a8dc126fffff,1
897a8dc1267ffff,897a8dcac47ffff,1
897a8dcac87ffff,897a8dc1247ffff,1
897a8dc1267ffff,897a8dcac17ffff,1
897a8dc124fffff,897a8dca1b7ffff,1
897a8dc1203ffff,897a8dc120fffff,1
897a8dc1237ffff,897a8dc1207ffff,1
897a8dc1233ffff,897a8dcac53ffff,1
897a8dcac13ffff,897a8dcac1bffff,1
897a8dcac53ffff,897a8dc1237ffff,1
897a8dca127ffff,897a8dca1a3ffff,1
897a8dcac87ffff,897a8dc120fffff,1
897a8dc1237ffff,897a8dc1267ffff,1
897a8dcac97ffff,897a8dc123bffff,1
897a8dc1227ffff,897a8dca1b3ffff,1
897a8dcac93ffff,897a8dc1273ffff,1
897a8dcac13ffff,897a8dcac93ffff,1
897a8dc1277ffff,897a8dc123bffff,1
897a8dc123bffff,897a8dcac43ffff,1
897a8dc1223ffff,897a8dc122fffff,1
897a8dcaccfffff,897a8dc12afffff,1
897a8dc1277ffff,897a8dc1223ffff,1
897a8dc1207ffff,897a8dc1237ffff,1
897a8dcacd7ffff,897a8dc12afffff,1
897a8dcac53ffff,897a8dc1233ffff,1
897a8dca1b7ffff,897a8dca127ffff,1
897a8dc12abffff,897a8dca1b7ffff,1
897a8dc1217ffff,897a8dc1207ffff,1
897a8dc124fffff,897a8dcacd7ffff,1
897a8dc12afffff,897a8dcac57ffff,1
897a8dc1353ffff,897a8dc134bffff,1
897a8dca127ffff,897a8dc123bffff,1
897a8dc1263ffff,897a8dc12afffff,1
897a8dc1267ffff,897a8dc123bffff,1
897a8dcac43ffff,897a8dc1247ffff,1
897a8dcac93ffff,897a8dc120bffff,1
897a8dc126fffff,897a8dcac97ffff,1
897a8dcaccbffff,897a8dc1237ffff,1
897a8dc126fffff,897a8dcacc7ffff,1
897a8dcacc7ffff,897a8dc124fffff,1
897a8dcac43ffff,897a8dc1203ffff,1
897a8dcacc3ffff,897a8dcacd7ffff,1
897a8dc121bffff,897a8dc127bffff,1
897a8dc1223ffff,897a8dc1273ffff,1
897a8dcac43ffff,897a8dc1227ffff,1
897a8dc1267ffff,897a8dc122fffff,1
897a8dcacd7ffff,897a8dc1207ffff,1
897a8dca127ffff,897a8dc1263ffff,1
897a8dcacd7ffff,897a8dcac9bffff,1
897a8dc1227ffff,897a8dc126fffff,1
897a8dc123bffff,897a8dca1b7ffff,1
897a8dca1b3ffff,897a8dc1277ffff,1
897a8dc1237ffff,897a8dc1233ffff,1
897a8dcac17ffff,897a8dc1223ffff,1
897a8dc124fffff,897a8dc1223ffff,1
897a8dc135bffff,897a8dca1a3ffff,1
897a8dc1223ffff,897a8dcac53ffff,1
897a8dc1227ffff,897a8dcacc3ffff,1
897a8dc1247ffff,897a8dc122fffff,1
897a8dc122fffff,897a8dcacc7ffff,1
897a8dca127ffff,897a8dc1207ffff,1
